{
    "crewSegment": [
        {
            "fname": "Alice",
            "lname": "Smith",
            "estimatedStartTime": "2023-10-28T08:15:00-04:00",
            "estimatedEndTime": "2023-10-28T20:15:00-04:00",
            "destination": "New York",
            "departure": "Los Angeles",
            "crewProfileId": 35052591,
            "segmentType": "DT",
            "orderId": 12345,
            "crewRole": "SIC",
            "tailNumber": "AB123",
            "estimatedDuration": 720,
            "charterProfileId": 7001,
            "actualStartTime": "2023-12-25T06:15:00-04:00",
            "actualEndTime": "2023-10-28T20:30:00-04:00",
            "lastUpdated": "2023-10-10T13:18:23.906000",
            "actualDuration": 720,
            "flightPartType": 0,
            "international": false,
            "lastUpdatedBy": 6741166,
            "UID": 11477,
            "orderItemId": 56789,
            "linkedFromOrder": 0,
            "linkedToOrder": 0,
            "turnAroundTime": 0,
            "orderStatus": "Pending",
            "orderSubStatus": "In Progress",
            "originCountry": "USA",
            "destinationCountry": "USA",
            "originCity": "Los Angeles",
            "destinationCity": "New York",
            "originState": "CA",
            "orderReference": "ORD-98765",
            "destinationState": "NY",
            "numberOfCrew": 3,
            "linkedFromOrderItem": 0,
            "linkedToOrderItem": 0,
            "tripType": "One-way",
            "notes": "Client requested in-flight meal.",
            "checkInTime": "2023-10-28T07:45:00-04:00",
            "checkOutTime": "2023-10-28T20:45:00-04:00",
            "subSupplier": 0
        },
        {
            "fname": "Bob",
            "lname": "Johnson",
            "estimatedStartTime": "2023-10-28T09:00:00-04:00",
            "estimatedEndTime": "2023-10-28T21:00:00-04:00",
            "destination": "Chicago",
            "departure": "Miami",
            "crewProfileId": 35052592,
            "segmentType": "DT",
            "orderId": 12346,
            "crewRole": "Captain",
            "tailNumber": "CD456",
            "estimatedDuration": 720,
            "charterProfileId": 7002,
            "actualStartTime": "2023-10-28T08:15:00-04:00",
            "actualEndTime": "2023-10-28T21:15:00-04:00",
            "lastUpdated": "2023-10-10T13:18:23.906000",
            "actualDuration": 720,
            "flightPartType": 0,
            "international": false,
            "lastUpdatedBy": 6741167,
            "UID": 11478,
            "orderItemId": 56790,
            "linkedFromOrder": 0,
            "linkedToOrder": 0,
            "turnAroundTime": 0,
            "orderStatus": "Confirmed",
            "orderSubStatus": "Completed",
            "originCountry": "USA",
            "destinationCountry": "USA",
            "originCity": "Miami",
            "destinationCity": "Chicago",
            "originState": "FL",
            "orderReference": "ORD-98766",
            "destinationState": "IL",
            "numberOfCrew": 2,
            "linkedFromOrderItem": 0,
            "linkedToOrderItem": 0,
            "tripType": "One-way",
            "notes": "No special requests.",
            "checkInTime": "2023-10-28T08:30:00-04:00",
            "checkOutTime": "2023-10-28T21:30:00-04:00",
            "subSupplier": 0
        }
    ]
}